{
  "code": 0,
  "msg": "",
  "count": 10,
  "data": [
    {
      "id": 1,
      "cname": "北京科蓝科技有限公司",
      "city": "北京",
      "field": "计算机金融",
      "admin": "刘海海",
      "tel": "15012312312",
      "state": "合作中",
      "isGetJob": "Java开发"
    },{
      "id": 2,
      "cname": "北京科蓝科技有限公司",
      "city": "北京",
      "field": "计算机金融",
      "admin": "刘海海",
      "tel": "15012312312",
      "state": "合作中",
      "isGetJob": "Java开发"
    },{
      "id": 3,
      "cname": "北京科蓝科技有限公司",
      "city": "北京",
      "field": "计算机金融",
      "admin": "刘海海",
      "tel": "15012312312",
      "state": "合作中",
      "isGetJob": "Java开发"
    },{
      "id": 4,
      "cname": "北京科蓝科技有限公司",
      "city": "北京",
      "field": "计算机金融",
      "admin": "刘海海",
      "tel": "15012312312",
      "state": "合作中",
      "isGetJob": "Java开发"
    },{
      "id": 5,
      "cname": "北京科蓝科技有限公司",
      "city": "北京",
      "field": "计算机金融",
      "admin": "刘海海",
      "tel": "15012312312",
      "state": "合作中",
      "isGetJob": "Java开发"
    },{
      "id": 6,
      "cname": "北京科蓝科技有限公司",
      "city": "北京",
      "field": "计算机金融",
      "admin": "刘海海",
      "tel": "15012312312",
      "state": "合作中",
      "isGetJob": "Java开发"
    },{
      "id": 7,
      "cname": "北京科蓝科技有限公司",
      "city": "北京",
      "field": "计算机金融",
      "admin": "刘海海",
      "tel": "15012312312",
      "state": "合作中",
      "isGetJob": "Java开发"
    },{
      "id": 8,
      "cname": "北京科蓝科技有限公司",
      "city": "北京",
      "field": "计算机金融",
      "admin": "刘海海",
      "tel": "15012312312",
      "state": "合作中",
      "isGetJob": "Java开发"
    },{
      "id": 9,
      "cname": "北京科蓝科技有限公司",
      "city": "北京",
      "field": "计算机金融",
      "admin": "刘海海",
      "tel": "15012312312",
      "state": "合作中",
      "isGetJob": "Java开发"
    },{
      "id": 10,
      "cname": "北京科蓝科技有限公司",
      "city": "北京",
      "field": "计算机金融",
      "admin": "刘海海",
      "tel": "15012312312",
      "state": "合作中",
      "isGetJob": "Java开发"
    }

  ]
}