{
  "homeInfo": {
    "title": "首页",
    "href": "page/welcome-1.html?t=1"
  },
  "logoInfo": {
    "title": "就业跟踪",
    "image": "images/logo.png",
    "href": ""
  },
  "menuInfo": [
    {
      "title": "首页",
      "icon": "fa fa-home",
      "href": "page/welcome-1.html",
      "target": "_self"
    },
    {
      "title": "院系管理",
      "icon": "fa fa-institution",
      "href": "",
      "target": "_self",
      "child": [
        {
          "title": "专业管理",
          "href": "page/dept/findMajor.html",
          "icon": "fa fa-mortar-board",
          "target": "_self"
        }
      ]
        },
    {
          "title": "班级管理",
          "icon": "fa fa-tasks",
          "href": "",
          "target": "_self",
          "child": [
            {
              "title": "添加班级",
              "href": "page/class/addClass.html",
              "icon": "fa fa-plus-square",
              "target": "_self"
            },
            {
              "title": "班级信息维护",
              "href": "page/class/findClass.html",
          "icon": "fa fa-search-plus",
          "target": "_self"
        }
      ]
    },
    {
          "title": "学生管理",
          "icon": "fa fa-user",
          "href": "",
          "target": "_self",
          "child": [
            {
              "title": "添加学生",
              "href": "page/student/addStudent.html",
              "icon": "fa fa-plus-square-o",
              "target": "_self"
            },
            {
              "title": "学生信息维护",
              "href": "page/student/findStudentBycno.html",
          "icon": "fa fa-search-plus",
          "target": "_self"
        }
      ]
    },
    {
          "title": "合作企业管理",
          "icon": "fa fa-group",
          "href": "",
          "target": "_self",
          "child": [
            {
              "title": "合作企业添加",
              "href": "page/company/addCompany.html",
              "icon": "fa fa-plus-square",
              "target": "_self"
            },
            {
              "title": "合作企业维护",
              "href": "page/company/maintenanceCompany.html",
              "icon": "fa fa-search-plus",
              "target": "_self"
            },
            {
              "title": "专场招聘会维护",
              "href": "page/company/maintenanceJob.html",
              "icon": "fa fa-search",
              "target": "_self"
        }
      ]
    }

  ]
}