{
  "code": 0,
  "msg": "",
  "count": 10,
  "data": [
    {
      "id": 1,
      "dname": "计算机科学与技术学院",
      "createTime": "2018-10-12",
      "remark": "备注"
    },{
      "id": 2,
      "dname": "计算机科学与技术学院",
      "createTime": "2018-10-12",
      "remark": "备注"
    },{
      "id": 3,
      "dname": "计算机科学与技术学院",
      "createTime": "2018-10-12",
      "remark": "备注"
    },{
      "id": 4,
      "dname": "计算机科学与技术学院",
      "createTime": "2018-10-12",
      "remark": "备注"
    },{
      "id": 5,
      "dname": "计算机科学与技术学院",
      "createTime": "2018-10-12",
      "remark": "备注"
    },{
      "id": 6,
      "dname": "计算机科学与技术学院",
      "createTime": "2018-10-12",
      "remark": "备注"
    },{
      "id": 7,
      "dname": "计算机科学与技术学院",
      "createTime": "2018-10-12",
      "remark": "备注"
    },{
      "id": 8,
      "dname": "计算机科学与技术学院",
      "createTime": "2018-10-12",
      "remark": "备注"
    },{
      "id": 9,
      "dname": "计算机科学与技术学院",
      "createTime": "2018-10-12",
      "remark": "备注"
    },{
      "id": 10,
      "dname": "计算机科学与技术学院",
      "createTime": "2018-10-12",
      "remark": "备注"
    }

  ]
}