{
  "code": 0,
  "msg": "",
  "count": 10,
  "data": [
    {
      "id": 1,
      "sno": "100101",
      "sname": "张三",
      "sex": "男",
      "birth": "1996-10-12",
      "native": "山西太原",
      "qq": "456567897",
      "tel": "13545678909",
      "isGetJob": "是"
    },{
      "id": 2,
      "sno": "100101",
      "sname": "张三",
      "sex": "男",
      "birth": "1996-10-12",
      "native": "山西太原",
      "qq": "456567897",
      "tel": "13545678909",
      "isGetJob": "是"
    },{
      "id": 3,
      "sno": "100101",
      "sname": "张三",
      "sex": "男",
      "birth": "1996-10-12",
      "native": "山西太原",
      "qq": "456567897",
      "tel": "13545678909",
      "isGetJob": "是"
    },{
      "id": 4,
      "sno": "100101",
      "sname": "张三",
      "sex": "男",
      "birth": "1996-10-12",
      "native": "山西太原",
      "qq": "456567897",
      "tel": "13545678909",
      "isGetJob": "是"
    },{
      "id": 5,
      "sno": "100101",
      "sname": "张三",
      "sex": "男",
      "birth": "1996-10-12",
      "native": "山西太原",
      "qq": "456567897",
      "tel": "13545678909",
      "isGetJob": "是"
    },{
      "id": 6,
      "sno": "100101",
      "sname": "张三",
      "sex": "男",
      "birth": "1996-10-12",
      "native": "山西太原",
      "qq": "456567897",
      "tel": "13545678909",
      "isGetJob": "是"
    },{
      "id": 7,
      "sno": "100101",
      "sname": "张三",
      "sex": "男",
      "birth": "1996-10-12",
      "native": "山西太原",
      "qq": "456567897",
      "tel": "13545678909",
      "isGetJob": "是"
    },{
      "id": 8,
      "sno": "100101",
      "sname": "张三",
      "sex": "男",
      "birth": "1996-10-12",
      "native": "山西太原",
      "qq": "456567897",
      "tel": "13545678909",
      "isGetJob": "是"
    },{
      "id": 9,
      "sno": "100101",
      "sname": "张三",
      "sex": "男",
      "birth": "1996-10-12",
      "native": "山西太原",
      "qq": "456567897",
      "tel": "13545678909",
      "isGetJob": "是"
    },{
      "id": 10,
      "sno": "100101",
      "sname": "张三",
      "sex": "男",
      "birth": "1996-10-12",
      "native": "山西太原",
      "qq": "456567897",
      "tel": "13545678909",
      "isGetJob": "是"
    }

  ]
}